{"cameraMode":{"drawMode":0,"name":"Shaded","section":"Shading Mode"},"sceneLighting":true,"audioPlay":false,"sceneViewState":{"showFog":true,"showMaterialUpdate":false,"showSkybox":true,"showFlares":true,"showImageEffects":true,"showParticleSystems":true},"in2DMode":false,"pivot":{"x":0.004915475845336914,"y":2.661985158920288,"z":90.0},"rotation":{"x":-0.019911902025341989,"y":-0.4875293970108032,"z":0.011122472584247589,"w":-0.8728098273277283},"size":4.718268871307373,"orthographic":false}